INSERT INTO liligo.city (`id`, `name`, `all_airports_code`, `capital`)
VALUES (1, 'Amman', 'AMM', 'PRIMARY'),
       (2, 'Amsterdam', 'AMS', 'PRIMARY'),
       (3, 'Ankara', 'ANK', 'PRIMARY'),
       (4, 'Abu Zaby', 'AUH', 'PRIMARY'),
       (5, 'Berlin', 'BER', 'PRIMARY'),
       (6, 'Baghdad', 'BGW', 'PRIMARY'),
       (7, 'Beijing', 'BJS', 'PRIMARY'),
       (8, 'Bangkok', 'BKK', 'PRIMARY'),
       (9, 'Bern', 'BRN', 'PRIMARY'),
       (10, 'Brussel', 'BRU', 'PRIMARY'),
       (11, 'Bratislava', 'BTS', 'PRIMARY'),
       (12, 'Budapest', 'BUD', 'PRIMARY'),
       (13, 'Buenos Aires', 'BUE', 'PRIMARY'),
       (14, 'Bucuresti', 'BUH', 'PRIMARY'),
       (15, 'St Pierre', 'FSP', 'PRIMARY'),
       (16, 'Baku', 'GYD', 'PRIMARY'),
       (17, 'Helsinki', 'HEL', 'PRIMARY'),
       (18, 'Kiyev', 'IEV', 'PRIMARY'),
       (19, 'Jakarta', 'JKT', 'PRIMARY'),
       (20, 'Ljubljana', 'LJU', 'PRIMARY'),
       (21, 'London', 'LON', 'PRIMARY'),
       (22, 'Luxembourg', 'LUX', 'PRIMARY'),
       (23, 'Madrid', 'MAD', 'PRIMARY'),
       (24, 'Manila', 'MNL', 'PRIMARY'),
       (25, 'Moskva', 'MOW', 'PRIMARY'),
       (26, 'Nicosia', 'NIC', 'PRIMARY'),
       (27, 'Oslo', 'OSL', 'PRIMARY'),
       (28, 'Paris', 'PAR', 'PRIMARY'),
       (29, 'Thimphu', 'PBH', 'PRIMARY'),
       (30, 'Praha', 'PRG', 'PRIMARY'),
       (31, 'Rabat', 'RBA', 'PRIMARY'),
       (32, 'Reykjavik', 'REK', 'PRIMARY'),
       (33, 'Roma', 'ROM', 'PRIMARY'),
       (34, 'Soul', 'SEL', 'PRIMARY'),
       (35, 'Stockholm', 'STO', 'PRIMARY'),
       (36, 'Tokyo', 'TYO', 'PRIMARY'),
       (37, 'Wien', 'VIE', 'PRIMARY'),
       (38, 'Washington', 'WAS', 'PRIMARY'),
       (39, 'Warszawa', 'WAW', 'PRIMARY'),
       (40, 'Moroni', 'YVA', 'PRIMARY');

INSERT INTO liligo.airport (`id`, `code`, `city_id`, `name`)
VALUES (1, 'ADJ', 1, 'Amman-Marka International Airport'),
       (2, 'AMM', 1, 'Queen Alia International Airport'),
       (3, 'AMS', 2, 'Schiphol Airport'),
       (4, 'ESB', 3, 'Esenboğa International Airport'),
       (5, 'ANK', 3, 'Etimesgut Air Base'),
       (6, 'AUH', 4, 'Abu Dhabi International Airport'),
       (7, 'AZI', 4, 'Al Bateen Executive Airport'),
       (8, 'SXF', 5, 'Schönefeld Airport'),
       (9, 'THF', 5, 'Tempelhof'),
       (10, 'TXL', 5, 'Tegel Airport'),
       (11, 'BER', 5, 'Berlin Brandenburg Airport'),
       (12, 'BGW', 6, 'Baghdad International Airport'),
       (13, 'SDA', 6, 'Saddam International Airport'),
       (14, 'NAY', 7, 'Nanyuan Airport'),
       (15, 'PEK', 7, 'Beijing Capital International Airport'),
       (16, 'BJS', 7, 'Beijing Metropolitan Area'),
       (17, 'BKK', 8, 'Suvarnabhumi International Airport'),
       (18, 'DMK', 8, 'Don Mueang International Airport'),
       (19, 'BRN', 9, 'Bern Airport'),
       (20, 'BRU', 10, 'Brussels-National Airport'),
       (21, 'BTS', 11, 'M. R. Štefánik Airport'),
       (22, 'BUD', 12, 'Liszt Ferenc International Airport'),
       (23, 'AEP', 13, 'Jorge Newbery Airfield'),
       (24, 'EZE', 13, 'Ministro Pistarini International Airport'),
       (25, 'BBU', 14, 'Aurel Vlaicu International Airport'),
       (26, 'OTP', 14, 'Henri Coandă International Airport'),
       (27, 'FSP', 15, 'Saint-Pierre Airport'),
       (28, 'BAK', 16, 'Baku Metropolitan Area'),
       (29, 'GYD', 16, 'Heydar Aliyev International Airport'),
       (30, 'ZXT', 16, 'Zabrat Airport'),
       (31, 'HEL', 17, 'Helsinki-Vantaa Airport'),
       (32, 'HEM', 17, 'Helsinki-Malmi Airport'),
       (33, 'IEV', 18, 'Igor Sikorsky International Airport (Zhuliany)'),
       (34, 'KBP', 18, 'Boryspil International Airport'),
       (35, 'HLP', 19, 'Halim Perdanakusuma International Airport'),
       (36, 'JKT', 19, ' '),
       (37, 'CGK', 19, 'Soekarno-Hatta International Airport'),
       (38, 'LJU', 20, 'Jože Pučnik Airport'),
       (39, 'LCY', 21, 'London City Airport'),
       (40, 'LGW', 21, 'Gatwick Airport'),
       (41, 'LHR', 21, 'Heathrow Airport'),
       (42, 'LTN', 21, 'Luton Airport'),
       (43, 'STN', 21, 'Stansted Airport'),
       (44, 'LUX', 22, 'Findel Airport'),
       (45, 'MAD', 23, 'Aeroporto Adolfo Suárez Madrid-Barajas'),
       (46, 'MNL', 24, 'Ninoy Aquino International Airport'),
       (47, 'NSP', 24, 'Sangley Point Air Base'),
       (48, 'DME', 25, 'Domodedovo International Airport'),
       (49, 'SVO', 25, 'Sheremetyevo International Airport'),
       (50, 'VKO', 25, 'Vnukovo International Airport'),
       (51, 'BKA', 25, 'Bykovo Airport'),
       (52, 'NIC', 26, 'Nicosia International Airport'),
       (53, 'ECN', 26, 'Ercan International Airport'),
       (54, 'FBU', 27, 'Fornebu'),
       (55, 'GEN', 27, 'Gardermoen'),
       (56, 'OSL', 27, 'Gardermoen Airport'),
       (57, 'TRF', 27, 'Sandefjord Airport, Torp'),
       (58, 'CDG', 28, 'Charles de Gaulle Airport'),
       (59, 'JDP', 28, 'Héliport De Paris'),
       (60, 'ORY', 28, 'Orly Airport'),
       (61, 'LBG', 28, 'Paris–Le Bourget Airport'),
       (62, 'PBH', 29, 'Paro Airport'),
       (63, 'PRG', 30, 'Václav Havel Airport Prague'),
       (64, 'RBA', 31, 'Rabat–Salé Airport'),
       (65, 'KEF', 32, 'Keflavik International Airport'),
       (66, 'RKV', 32, 'Reykjavík Airport'),
       (67, 'CIA', 33, 'Ciampino-G. B. Pastine International Airport '),
       (68, 'FCO', 33, 'Fiumicino-Leonardo da Vinci International Airport'),
       (69, 'GMP', 34, 'Gimpo International Airport'),
       (70, 'ICN', 34, 'Incheon International Airport'),
       (71, 'ARN', 35, 'Stockholm Arlanda Airport'),
       (72, 'BMA', 35, 'Bromma Airport'),
       (73, 'NYO', 35, 'Skavsta Airport'),
       (74, 'VST', 35, 'Västerås Airport'),
       (75, 'HND', 36, 'Haneda Airport'),
       (76, 'NRT', 36, 'Narita International Airport'),
       (77, 'OKO', 36, 'Yokota Air Base'),
       (78, 'VIE', 37, 'Vienna International Airport'),
       (79, 'DCA', 38, 'Ronald Reagan Washington National Airport'),
       (80, 'IAD', 38, 'Dulles International Airport'),
       (81, 'CGS', 38, 'College Park Airport'),
       (82, 'WAW', 39, 'Chopin Airport'),
       (83, 'YVA', 40, 'Iconi Airport'),
       (84, 'HAH', 40, 'Prince Said Ibrahim International Airport');

INSERT INTO liligo.`user` (`id`, `full_name`, `email`, `phone_number`)
VALUES (1, 'Nicola Scamadin', 'nscamadin0@delicious.com', '+1 917 385 9631'),
       (2, 'Rolph Joddens', 'rjoddens1@princeton.edu', '+86 859 586 4738'),
       (3, 'Gerick Notton', 'gnotton2@sohu.com', '+51 355 943 2003'),
       (4, 'Maddi Smithson', 'msmithson3@reverbnation.com', '+86 804 291 2437'),
       (5, 'Adelina Willard', 'awillard4@admin.ch', '+372 467 147 7265'),
       (6, 'Waring Tilford', 'wtilford5@nifty.com', '+55 170 251 2247'),
       (7, 'Jase Spaducci', 'jspaducci6@nyu.edu', '+63 461 630 3892'),
       (8, 'Deloria Flott', 'dflott7@squidoo.com', '+381 689 944 5406'),
       (9, 'Homerus Billows', 'hbillows8@free.fr', '+55 183 827 0032'),
       (10, 'Chev Hagston', 'chagston9@earthlink.net', '+47 878 913 8576'),
       (11, 'Magdalena Erett', 'meretta@indiatimes.com', '+33 308 479 3146'),
       (12, 'Fanchette Davidow', 'fdavidowb@hhs.gov', '+49 726 355 6612'),
       (13, 'Ailyn Canero', 'acaneroc@parallels.com', '+62 256 244 5039'),
       (14, 'Grange Willows', 'gwillowsd@weebly.com', '+7 886 430 4918'),
       (15, 'Allin Boddymead', 'aboddymeade@t-online', ':"+48 443 '),
       (16, 'Vikky Petras', 'vpetrasf@blog.com', '+55 560 220 2355'),
       (17, 'Blisse Killingbeck', 'bkillingbeckg@flavors.me', '+7 753 280 1345'),
       (18, 'Alison Carnock', 'acarnockh@mit.edu', '+46 224 594 1156'),
       (19, 'Ruthie Riddall', 'rriddalli@twitpic.com', '+48 387 183 0533'),
       (20, 'Jori Bilbee', 'jbilbeej@sogou.com', '+227 588 334 0759'),
       (21, 'Yvette Monini', 'ymoninik@about.me', '+86 812 979 1444'),
       (22, 'Colby Kissick', 'ckissickl@bbb.org', '+7 524 991 3271'),
       (23, 'Dee dee', '"ddeem@usda.', '"+242 683 223 '),
       (24, 'Marena Argente', 'margenten@nydailynews.com', '+256 350 833 7793'),
       (25, 'Clary Hutt', 'chutto@timesonline.co', ':"+380 538 '),
       (26, 'Jeremias Antoniewicz', 'jantoniewiczp@mac.com', '+20 684 337 8551'),
       (27, 'Briny Banstead', 'bbansteadq@cisco.com', '+375 330 993 8555'),
       (28, 'Laetitia Pitfield', 'lpitfieldr@delicious.com', '+55 117 434 1507'),
       (29, 'Gordon Tassell', 'gtassells@springer.com', '+7 914 954 2714'),
       (30, 'Milzie Dusting', 'mdustingt@nps.gov', '+33 212 223 9735'),
       (31, 'Daveta Persey', 'dperseyu@dailymail.co', ':"+48 104 '),
       (32, 'Mitchell Sogg', 'msoggv@ehow.com', '+62 403 301 0749'),
       (33, 'Ellerey Vinson', 'evinsonw@com.com', '+692 960 992 5519'),
       (34, 'Hamnet Todhunter', 'htodhunterx@github.io', '+34 193 288 7325'),
       (35, 'Donnie Kelberer', 'dkelberery@ezinearticles.com', '+98 936 181 3642'),
       (36, 'Ann Bleasby', 'ableasbyz@google.pl', '+7 774 343 8456'),
       (37, 'Mei Giff', 'mgiff10@cbc.ca', '+62 973 306 4095'),
       (38, 'Deane Fearnside', 'dfearnside11@ehow.com', '+86 131 927 6321'),
       (39, 'Bernita Tardiff', 'btardiff12@xinhuanet.com', '+86 217 855 2640'),
       (40, 'Jess Challiss', 'jchalliss13@mlb.com', '+84 936 110 4999'),
       (41, 'Daveen Syce', 'dsyce14@bbb.org', '+55 631 447 2609'),
       (42, 'Wylma Trodden', 'wtrodden15@digg.com', '+92 403 600 0426'),
       (43, 'Jolynn Cryer', 'jcryer16@canalblog.com', '+62 917 687 6706'),
       (44, 'Carny Minton', 'cminton17@ihg.com', '+351 440 667 8100'),
       (45, 'Germayne Lettley', 'glettley18@ask.com', '+55 650 518 9780'),
       (46, 'Mandel Delves', 'mdelves19@ca.gov', '+261 125 397 8509'),
       (47, 'Wenda Hansell', 'whansell1a@howstuffworks.com', '+86 545 308 9004'),
       (48, 'Doro Clinnick', 'dclinnick1b@nba.com', '+81 480 630 6746'),
       (49, 'Rosie Shinfield', 'rshinfield1c@canalblog.com', '+7 899 510 1762'),
       (50, 'Tracy Beames', 'tbeames1d@imageshack.us', '+966 532 709 6475');

INSERT INTO liligo.shuttle (`id`, `vehicle_identification_number`, `number_of_seats`, `active`)
VALUES (1, '1G4HR57Y67U840915', 45, true),
       (2, 'WBABS53401E865728', 23, true),
       (3, 'WBAPM73529E444951', 37, true),
       (4, '3D7TT2CT3BG173392', 20, true),
       (5, '5GADS13S872816582', 19, false),
       (6, 'JHMGE8G30CC336070', 19, true),
       (7, 'WAUPEBFM2CA314279', 49, true),
       (8, '4T1BF1FK3FU231297', 23, true),
       (9, '5N1AA0NEXEN635321', 11, true),
       (10, 'WAU3MAFD0FN462634', 24, false),
       (11, '1G6DD67V790154599', 32, true),
       (12, '3GYFNEE32ES209200', 15, true),
       (13, 'WUARL48H69K667868', 7, true),
       (14, 'SALVP2BG9FH241002', 42, true),
       (15, 'WBAAX13455P300956', 50, true),
       (16, 'JA4AP3AU0CZ108907', 49, false),
       (17, '1GKS1EEF2BR515679', 34, true),
       (18, '1GD12ZCG9CF558552', 16, true),
       (19, 'VNKKTUD34FA892887', 50, true),
       (20, '1FMCU4K35BK645159', 21, true),
       (21, 'WBXPA93454W125452', 27, true),
       (22, 'JN8AZ2KR2BT306723', 46, false),
       (23, '1GTN1TEX8CZ667151', 26, true),
       (24, '5GAKRAED5CJ543506', 48, true),
       (25, 'WAUDF98E18A548838', 28, true),
       (26, '1FAHP2DW3AG370902', 16, false),
       (27, '3LNDL2L32CR308572', 27, true),
       (28, 'WVGAV7AX2FW169464', 24, true),
       (29, '3VWKX7AJXBM700819', 26, true),
       (30, 'SCBDC4BLXAC110886', 17, true),
       (31, '2HNYD2H21DH115131', 46, false),
       (32, '1G6DK67VX80671075', 21, true),
       (33, '1G4HE5EM3AU910258', 34, true),
       (34, 'WAUVT58E32A252314', 26, true),
       (35, '4T1BK1EB8FU586267', 44, true),
       (36, '1FTWW3B52AE108995', 16, true),
       (37, 'WA1WMAFPXEA077141', 38, true),
       (38, '3C6LD4BT8CG255924', 35, false),
       (39, 'WBAWB3C51AP318213', 27, true),
       (40, '1FTEX1CM1DK078428', 14, true),
       (41, '1G6KY54993U394587', 11, true),
       (42, 'JH4KA96651C837511', 13, false),
       (43, '3D7TP2CT5BG171048', 9, true),
       (44, '3C3CFFCR4CT341664', 14, false),
       (45, '3GYT4LEF6BG251033', 38, true),
       (46, '2HNYD18885H971137', 10, true),
       (47, 'JA4AD3A39FZ187191', 15, true),
       (48, 'WAUAF98E16A823480', 10, true),
       (49, '3D73M4EL8BG679418', 29, false),
       (50, '1G6DR57V180733081', 10, true),
       (51, 'JTHBL5EF3F5491135', 26, true),
       (52, 'WAU3MAFD3FN705563', 7, false),
       (53, '1D7RV1CP1BS589368', 20, true),
       (54, '1N6AA0CC0FN898227', 20, true),
       (55, 'JHMZF1C68ES932386', 13, false),
       (56, '1GYS4JEF0CR054876', 23, false),
       (57, 'YV1902FH5D1207428', 18, false),
       (58, '5N1AA0NC7AN680435', 45, false),
       (59, '4T1BF3EKXBU640971', 19, true),
       (60, 'KNADM4A31F6925864', 21, true),
       (61, 'WBAEV33443P195746', 29, false),
       (62, 'WAUBGBFC9CN044584', 24, true),
       (63, 'WAULT58E95A440878', 46, true),
       (64, '5UXZV8C50D0364244', 20, true),
       (65, '5UXFG2C51DL336462', 30, true),
       (66, 'WAUWFAFR0EA146319', 9, true),
       (67, '2T1BPRHE2EC186307', 43, true),
       (68, 'WAUEF98E26A860541', 33, false),
       (69, 'JM3ER2A51C0051729', 25, true),
       (70, '1N6AA0EC6EN226717', 10, true),
       (71, '1FTNF1E83AK738872', 30, true),
       (72, '1G6DL8ED1B0236598', 44, true),
       (73, 'JTHBL5EF1F1774267', 27, false),
       (74, 'WVWAA7AJXCW770239', 36, false),
       (75, 'WBA3B9C54DF772116', 18, false),
       (76, 'WAUHMBFC4EN974964', 18, false),
       (77, '1C3CDWBA0CD866597', 42, true),
       (78, '4T1BF3EK6AU268124', 27, true),
       (79, '19UUA65696A877735', 34, false),
       (80, '1N4AA5AP4AC412793', 48, false),
       (81, '1ZVBP8AM4B5700126', 39, false),
       (82, 'WAUFGBFB7BN990464', 32, false),
       (83, '1N4AL2AP5AC232456', 9, false),
       (84, '1FMCU0F73DU594872', 13, true),
       (85, 'WA1VFBFL0DA540248', 7, true),
       (86, '4F2CY0C70AK990927', 45, true),
       (87, '1GYEK63N56R836511', 19, true),
       (88, 'WBAWC73589E134902', 37, true),
       (89, '1G6DK5ED9B0547584', 19, false),
       (90, '2G4WE587981579561', 19, true),
       (91, '3N1CN7AP3EK231982', 39, true),
       (92, '1GYS3UKJ7FR083678', 10, false),
       (93, 'JTHBS1BL7D5374256', 35, true),
       (94, 'JN8AZ2NC0D9376552', 31, true),
       (95, 'WAUHFAFL1AN234710', 35, true),
       (96, 'SCBLC47J87C690084', 28, true),
       (97, 'VNKJTUD33FA370621', 14, true),
       (98, '2C3CDXJG7FH266839', 32, false),
       (99, 'WAUMR94E49N166049', 26, true),
       (100, '3D7JV1EP5AG573819', 26, true);

INSERT INTO liligo.shuttle_ride (`id`, `shuttle_id`, `airport_id`, `departure_datetime`)
VALUES (1, 67, 8, '2024-08-08T09:11:02'),
       (2, 79, 53, '2024-08-30T18:13:03'),
       (3, 22, 19, '2024-08-23T13:54:20'),
       (4, 40, 74, '2024-08-03T16:28:05'),
       (5, 69, 18, '2024-08-13T10:58:10'),
       (6, 72, 58, '2024-08-09T20:03:29'),
       (7, 26, 30, '2024-08-06T09:04:40'),
       (8, 93, 75, '2024-08-27T17:36:02'),
       (9, 11, 24, '2024-08-19T11:29:35'),
       (10, 10, 63, '2024-08-04T12:32:27'),
       (11, 98, 53, '2024-08-17T15:02:44'),
       (12, 85, 8, '2024-08-14T01:01:14'),
       (13, 71, 61, '2024-08-11T07:47:03'),
       (14, 84, 66, '2024-08-13T20:24:48'),
       (15, 96, 69, '2024-08-21T14:08:40'),
       (16, 66, 5, '2024-08-19T00:13:07'),
       (17, 25, 55, '2024-08-05T12:38:04'),
       (18, 89, 36, '2024-08-30T01:25:13'),
       (19, 99, 23, '2024-08-10T12:48:54'),
       (20, 55, 38, '2024-08-05T01:39:15'),
       (21, 68, 39, '2024-08-10T11:00:42'),
       (22, 6, 21, '2024-08-22T17:43:40'),
       (23, 1, 48, '2024-08-04T01:20:52'),
       (24, 40, 49, '2024-08-03T02:57:04'),
       (25, 17, 38, '2024-08-01T02:26:32'),
       (26, 18, 8, '2024-08-25T13:29:43'),
       (27, 37, 38, '2024-08-11T04:43:10'),
       (28, 36, 33, '2024-08-22T15:17:42'),
       (29, 21, 21, '2024-08-28T11:04:10'),
       (30, 13, 69, '2024-08-01T06:33:59'),
       (31, 58, 82, '2024-08-17T03:18:23'),
       (32, 59, 82, '2024-08-22T05:58:54'),
       (33, 49, 55, '2024-08-03T06:28:55'),
       (34, 87, 3, '2024-08-01T14:55:16'),
       (35, 43, 58, '2024-08-24T00:44:53'),
       (36, 54, 73, '2024-08-17T00:02:37'),
       (37, 22, 1, '2024-08-10T02:19:20'),
       (38, 63, 77, '2024-08-14T05:19:05'),
       (39, 24, 27, '2024-08-09T02:36:10'),
       (40, 44, 9, '2024-08-14T09:17:12'),
       (41, 98, 25, '2024-08-02T11:14:03'),
       (42, 58, 52, '2024-08-21T04:46:56'),
       (43, 1, 52, '2024-08-26T10:56:50'),
       (44, 96, 29, '2024-08-05T02:08:56'),
       (45, 6, 72, '2024-08-09T00:16:31'),
       (46, 47, 80, '2024-08-30T17:02:50'),
       (47, 2, 8, '2024-08-17T08:29:49'),
       (48, 19, 14, '2024-08-03T09:04:47'),
       (49, 51, 8, '2024-08-03T00:09:14'),
       (50, 57, 81, '2024-08-03T13:39:24'),
       (51, 25, 49, '2024-08-16T23:51:19'),
       (52, 28, 27, '2024-08-20T06:58:06'),
       (53, 71, 77, '2024-08-25T13:47:35'),
       (54, 8, 76, '2024-08-10T07:30:26'),
       (55, 10, 57, '2024-08-17T07:36:43'),
       (56, 77, 10, '2024-08-20T12:43:28'),
       (57, 46, 29, '2024-08-09T20:27:39'),
       (58, 35, 49, '2024-08-25T01:39:22'),
       (59, 28, 28, '2024-08-18T01:17:32'),
       (60, 3, 43, '2024-08-28T14:03:58'),
       (61, 90, 18, '2024-08-20T03:39:20'),
       (62, 4, 75, '2024-08-08T08:29:22'),
       (63, 10, 62, '2024-08-16T05:45:07'),
       (64, 60, 25, '2024-08-21T14:11:27'),
       (65, 87, 42, '2024-08-07T02:49:15'),
       (66, 65, 74, '2024-08-09T21:58:05'),
       (67, 15, 47, '2024-08-12T00:11:36'),
       (68, 90, 61, '2024-08-06T05:09:36'),
       (69, 53, 76, '2024-08-04T10:44:44'),
       (70, 45, 46, '2024-08-14T07:28:15'),
       (71, 12, 55, '2024-08-10T16:05:38'),
       (72, 76, 11, '2024-08-02T23:41:25'),
       (73, 89, 81, '2024-08-06T07:49:05'),
       (74, 72, 11, '2024-08-26T15:35:21'),
       (75, 61, 38, '2024-08-23T04:40:32'),
       (76, 66, 19, '2024-08-16T04:24:18'),
       (77, 95, 13, '2024-08-28T09:25:03'),
       (78, 53, 75, '2024-08-08T06:54:32'),
       (79, 98, 69, '2024-08-19T00:34:55'),
       (80, 95, 26, '2024-08-15T19:09:45'),
       (81, 50, 39, '2024-08-13T18:07:35'),
       (82, 53, 49, '2024-08-18T15:59:19'),
       (83, 4, 50, '2024-08-29T09:59:21'),
       (84, 12, 19, '2024-08-16T14:21:47'),
       (85, 71, 35, '2024-08-10T04:26:29'),
       (86, 68, 48, '2024-08-27T20:37:34'),
       (87, 97, 59, '2024-08-20T03:01:25'),
       (88, 42, 63, '2024-08-18T09:44:06'),
       (89, 15, 29, '2024-08-14T18:33:03'),
       (90, 79, 54, '2024-08-23T10:42:41'),
       (91, 88, 43, '2024-08-17T13:52:18'),
       (92, 58, 35, '2024-08-09T15:39:37'),
       (93, 21, 40, '2024-08-25T05:57:42'),
       (94, 83, 49, '2024-08-03T04:53:12'),
       (95, 100, 82, '2024-08-06T19:04:10'),
       (96, 85, 39, '2024-08-07T02:30:14'),
       (97, 48, 9, '2024-08-11T18:11:04'),
       (98, 4, 41, '2024-08-26T17:07:54'),
       (99, 16, 2, '2024-08-19T14:25:49'),
       (100, 31, 33, '2024-08-17T14:09:38'),
       (101, 8, 8, '2024-08-05T14:23:19'),
       (102, 14, 72, '2024-08-20T18:23:45'),
       (103, 5, 26, '2024-08-18T15:40:15'),
       (104, 18, 69, '2024-08-03T01:57:35'),
       (105, 14, 54, '2024-08-05T23:39:34'),
       (106, 31, 72, '2024-08-13T03:34:54'),
       (107, 64, 11, '2024-08-05T17:59:46'),
       (108, 22, 24, '2024-08-16T18:59:09'),
       (109, 100, 67, '2024-08-16T17:11:16'),
       (110, 51, 37, '2024-08-12T01:36:07'),
       (111, 18, 9, '2024-08-09T09:28:24'),
       (112, 93, 31, '2024-08-15T13:47:28'),
       (113, 15, 41, '2024-08-14T15:36:22'),
       (114, 87, 29, '2024-08-18T15:08:05'),
       (115, 95, 8, '2024-08-22T00:02:21'),
       (116, 26, 53, '2024-08-17T22:52:07'),
       (117, 94, 73, '2024-08-21T19:21:44'),
       (118, 31, 40, '2024-08-17T21:52:57'),
       (119, 45, 84, '2024-08-10T13:03:57'),
       (120, 58, 25, '2024-08-10T11:11:00'),
       (121, 29, 36, '2024-08-24T08:51:25'),
       (122, 97, 9, '2024-08-12T00:36:58'),
       (123, 41, 14, '2024-08-30T16:23:25'),
       (124, 14, 64, '2024-08-01T05:31:42'),
       (125, 26, 22, '2024-08-11T10:09:16'),
       (126, 11, 39, '2024-08-24T16:30:42'),
       (127, 33, 44, '2024-08-20T19:02:41'),
       (128, 48, 10, '2024-08-28T22:27:50'),
       (129, 37, 56, '2024-08-19T17:15:27'),
       (130, 31, 58, '2024-08-12T10:46:12'),
       (131, 15, 28, '2024-08-08T07:56:53'),
       (132, 59, 57, '2024-08-02T05:38:44'),
       (133, 24, 49, '2024-08-03T22:52:13'),
       (134, 4, 55, '2024-08-05T10:09:06'),
       (135, 21, 40, '2024-08-12T11:30:06'),
       (136, 60, 52, '2024-08-29T07:37:02'),
       (137, 17, 64, '2024-08-07T04:38:54'),
       (138, 51, 73, '2024-08-27T15:05:08'),
       (139, 1, 46, '2024-08-14T04:52:55'),
       (140, 84, 21, '2024-08-29T03:59:14'),
       (141, 75, 2, '2024-08-22T03:44:34'),
       (142, 10, 8, '2024-08-22T12:18:00'),
       (143, 79, 48, '2024-08-03T15:37:31'),
       (144, 81, 46, '2024-08-17T03:55:00'),
       (145, 26, 3, '2024-08-14T14:00:41'),
       (146, 28, 3, '2024-08-06T13:22:54'),
       (147, 3, 48, '2024-08-29T20:42:13'),
       (148, 19, 19, '2024-08-27T00:50:46'),
       (149, 77, 56, '2024-08-25T05:17:12'),
       (150, 31, 66, '2024-08-03T16:23:28'),
       (151, 17, 83, '2024-08-20T05:58:35'),
       (152, 89, 22, '2024-08-25T20:47:27'),
       (153, 71, 13, '2024-08-24T15:04:22'),
       (154, 77, 75, '2024-08-20T06:20:39'),
       (155, 90, 80, '2024-08-14T04:41:13'),
       (156, 31, 58, '2024-08-04T18:56:35'),
       (157, 93, 54, '2024-08-16T19:37:47'),
       (158, 41, 43, '2024-08-01T02:29:23'),
       (159, 74, 9, '2024-08-24T15:36:52'),
       (160, 94, 72, '2024-08-21T14:57:39'),
       (161, 62, 70, '2024-08-29T11:06:53'),
       (162, 46, 63, '2024-08-29T12:39:27'),
       (163, 41, 46, '2024-08-28T06:54:08'),
       (164, 60, 29, '2024-08-16T09:28:36'),
       (165, 97, 66, '2024-08-19T08:14:43'),
       (166, 75, 61, '2024-08-23T08:01:53'),
       (167, 55, 33, '2024-08-05T13:45:22'),
       (168, 3, 83, '2024-08-15T21:47:26'),
       (169, 88, 43, '2024-08-07T20:37:56'),
       (170, 50, 56, '2024-08-01T04:44:27'),
       (171, 32, 59, '2024-08-28T08:16:10'),
       (172, 21, 50, '2024-08-25T06:35:43'),
       (173, 23, 5, '2024-08-02T03:43:59'),
       (174, 52, 41, '2024-08-24T06:48:18'),
       (175, 98, 43, '2024-08-10T17:55:10'),
       (176, 40, 31, '2024-08-11T19:44:25'),
       (177, 7, 6, '2024-08-03T11:37:48'),
       (178, 66, 67, '2024-08-28T20:31:08'),
       (179, 22, 49, '2024-08-14T03:27:32'),
       (180, 6, 21, '2024-08-21T21:26:06'),
       (181, 81, 51, '2024-08-27T18:10:30'),
       (182, 89, 37, '2024-08-05T17:11:42'),
       (183, 8, 51, '2024-08-05T08:12:42'),
       (184, 56, 25, '2024-08-02T06:54:37'),
       (185, 57, 59, '2024-08-26T01:22:26'),
       (186, 3, 74, '2024-08-11T17:16:41'),
       (187, 52, 79, '2024-08-20T23:25:34'),
       (188, 45, 26, '2024-08-21T18:53:08'),
       (189, 18, 36, '2024-08-18T00:13:42'),
       (190, 47, 16, '2024-08-25T18:23:20'),
       (191, 30, 60, '2024-08-28T09:18:17'),
       (192, 88, 22, '2024-08-24T20:02:30'),
       (193, 81, 45, '2024-08-01T09:43:51'),
       (194, 100, 17, '2024-08-08T23:28:29'),
       (195, 74, 46, '2024-08-03T23:14:12'),
       (196, 90, 59, '2024-08-09T07:46:18'),
       (197, 23, 84, '2024-08-23T04:35:56'),
       (198, 63, 7, '2024-08-22T14:55:51'),
       (199, 92, 37, '2024-08-25T10:21:35'),
       (200, 33, 10, '2024-08-26T05:48:57');

INSERT INTO liligo.shuttle_ride_booking (`id`, `shuttle_ride_id`, `user_id`, `number_of_passengers`, `cancelled`)
VALUES (1, 100, 7, 2, false),
       (2, 172, 24, 3, false),
       (3, 106, 28, 2, true),
       (4, 51, 37, 2, false),
       (5, 151, 38, 3, false),
       (6, 140, 39, 4, false),
       (7, 17, 50, 3, false),
       (8, 109, 37, 3, false),
       (9, 162, 34, 1, false),
       (10, 176, 35, 2, false),
       (11, 19, 8, 4, false),
       (12, 196, 1, 2, false),
       (13, 84, 48, 3, false),
       (14, 162, 9, 3, true),
       (15, 84, 14, 4, false),
       (16, 46, 17, 1, false),
       (17, 69, 26, 4, false),
       (18, 63, 29, 1, false),
       (19, 68, 32, 4, false),
       (20, 158, 38, 2, false),
       (21, 102, 49, 4, false),
       (22, 72, 20, 1, false),
       (23, 46, 1, 3, false),
       (24, 139, 38, 3, false),
       (25, 114, 6, 1, false),
       (26, 100, 23, 2, false),
       (27, 172, 45, 2, false),
       (28, 42, 15, 3, false),
       (29, 163, 24, 4, false),
       (30, 14, 22, 4, false),
       (31, 31, 36, 2, false),
       (32, 120, 25, 2, false),
       (33, 171, 19, 4, true),
       (34, 53, 10, 4, false),
       (35, 6, 50, 4, false),
       (36, 146, 20, 3, false),
       (37, 44, 49, 1, false),
       (38, 2, 8, 1, false),
       (39, 170, 45, 2, false),
       (40, 153, 46, 3, false),
       (41, 134, 45, 4, false),
       (42, 164, 36, 1, false),
       (43, 144, 23, 1, false),
       (44, 74, 13, 1, false),
       (45, 116, 12, 3, false),
       (46, 161, 16, 4, false),
       (47, 51, 26, 3, false),
       (48, 33, 30, 1, false),
       (49, 197, 45, 4, false),
       (50, 74, 26, 4, false),
       (51, 19, 45, 2, false),
       (52, 141, 36, 3, false),
       (53, 132, 5, 4, false),
       (54, 91, 36, 2, false),
       (55, 20, 28, 2, false),
       (56, 151, 25, 3, false),
       (57, 123, 50, 2, false),
       (58, 36, 1, 1, false),
       (59, 7, 2, 1, false),
       (60, 172, 13, 2, false),
       (61, 90, 34, 2, false),
       (62, 11, 6, 3, true),
       (63, 103, 18, 1, false),
       (64, 58, 42, 2, false),
       (65, 180, 2, 2, false),
       (66, 177, 27, 2, false),
       (67, 199, 28, 2, false),
       (68, 200, 4, 2, false),
       (69, 14, 14, 1, false),
       (70, 119, 46, 2, false),
       (71, 179, 45, 4, false),
       (72, 16, 33, 1, false),
       (73, 142, 5, 2, false),
       (74, 82, 9, 4, false),
       (75, 170, 26, 3, false),
       (76, 1, 19, 2, false),
       (77, 102, 5, 1, false),
       (78, 57, 27, 1, true),
       (79, 96, 31, 3, false),
       (80, 134, 50, 4, false),
       (81, 163, 23, 4, false),
       (82, 178, 30, 4, false),
       (83, 9, 28, 4, false),
       (84, 76, 49, 4, false),
       (85, 138, 2, 1, false),
       (86, 70, 32, 4, false),
       (87, 26, 17, 1, false),
       (88, 119, 32, 1, false),
       (89, 47, 24, 2, false),
       (90, 105, 8, 1, true),
       (91, 35, 48, 4, false),
       (92, 157, 28, 1, false),
       (93, 144, 44, 3, false),
       (94, 195, 39, 1, false),
       (95, 120, 11, 3, false),
       (96, 80, 6, 3, false),
       (97, 182, 9, 2, false),
       (98, 163, 50, 2, false),
       (99, 71, 34, 1, false),
       (100, 28, 20, 4, false),
       (101, 118, 18, 4, false),
       (102, 175, 44, 1, false),
       (103, 168, 40, 4, false),
       (104, 15, 29, 1, true),
       (105, 37, 29, 3, false),
       (106, 31, 9, 2, false),
       (107, 50, 2, 3, false),
       (108, 115, 10, 4, false),
       (109, 88, 11, 3, false),
       (110, 6, 22, 3, false),
       (111, 194, 22, 4, false),
       (112, 67, 43, 4, false),
       (113, 154, 38, 1, false),
       (114, 19, 4, 2, false),
       (115, 168, 20, 4, false),
       (116, 155, 37, 4, true),
       (117, 134, 35, 3, false),
       (118, 78, 30, 1, false),
       (119, 157, 46, 1, false),
       (120, 158, 35, 2, true),
       (121, 11, 33, 4, false),
       (122, 8, 21, 3, false),
       (123, 83, 38, 2, false),
       (124, 159, 40, 4, false),
       (125, 25, 29, 3, false),
       (126, 179, 16, 2, false),
       (127, 178, 1, 1, false),
       (128, 77, 36, 4, true),
       (129, 139, 42, 3, false),
       (130, 184, 5, 3, false),
       (131, 118, 16, 3, false),
       (132, 136, 28, 2, false),
       (133, 127, 7, 3, false),
       (134, 122, 49, 1, false),
       (135, 16, 37, 4, false),
       (136, 80, 50, 4, false),
       (137, 11, 3, 2, false),
       (138, 98, 46, 1, false),
       (139, 3, 4, 3, false),
       (140, 43, 15, 3, false),
       (141, 191, 12, 3, false),
       (142, 163, 12, 4, false),
       (143, 27, 18, 4, false),
       (144, 115, 21, 1, false),
       (145, 188, 19, 2, false),
       (146, 28, 47, 4, false),
       (147, 96, 13, 1, false),
       (148, 64, 31, 4, false),
       (149, 56, 44, 4, false),
       (150, 6, 17, 1, false),
       (151, 97, 5, 3, false),
       (152, 130, 39, 3, false),
       (153, 116, 45, 4, false),
       (154, 186, 8, 4, false),
       (155, 99, 35, 3, false),
       (156, 140, 42, 1, false),
       (157, 167, 3, 1, true),
       (158, 38, 26, 1, false),
       (159, 155, 3, 4, true),
       (160, 117, 5, 3, false),
       (161, 21, 19, 4, false),
       (162, 193, 32, 1, false),
       (163, 176, 1, 4, false),
       (164, 105, 10, 2, false),
       (165, 71, 34, 2, false),
       (166, 194, 31, 3, false),
       (167, 69, 13, 2, false),
       (168, 102, 40, 2, false),
       (169, 64, 14, 1, false),
       (170, 166, 19, 4, false),
       (171, 67, 29, 3, false),
       (172, 171, 15, 3, false),
       (173, 95, 37, 3, false),
       (174, 17, 14, 2, false),
       (175, 40, 49, 4, false),
       (176, 65, 21, 1, false),
       (177, 153, 37, 3, false),
       (178, 41, 12, 3, false),
       (179, 57, 6, 4, false),
       (180, 70, 13, 2, false),
       (181, 88, 17, 1, false),
       (182, 95, 38, 4, false),
       (183, 126, 43, 2, false),
       (184, 102, 29, 1, false),
       (185, 195, 19, 1, false),
       (186, 152, 30, 4, false),
       (187, 63, 14, 1, false),
       (188, 30, 47, 1, false),
       (189, 136, 23, 1, false),
       (190, 49, 16, 3, false),
       (191, 130, 21, 2, false),
       (192, 72, 12, 2, false),
       (193, 62, 25, 1, false),
       (194, 98, 33, 4, false),
       (195, 198, 29, 3, false),
       (196, 92, 43, 1, false),
       (197, 160, 44, 1, false),
       (198, 12, 2, 2, false),
       (199, 25, 36, 1, false),
       (200, 77, 40, 3, false),
       (201, 178, 11, 2, false),
       (202, 200, 12, 4, false),
       (203, 141, 45, 4, false),
       (204, 178, 24, 4, false),
       (205, 10, 6, 3, false),
       (206, 154, 43, 4, false),
       (207, 40, 23, 1, false),
       (208, 58, 3, 3, false),
       (209, 100, 25, 1, false),
       (210, 150, 21, 1, false),
       (211, 166, 15, 4, false),
       (212, 72, 37, 1, false),
       (213, 105, 18, 3, false),
       (214, 15, 42, 3, false),
       (215, 75, 18, 1, true),
       (216, 70, 49, 4, false),
       (217, 44, 5, 4, false),
       (218, 110, 28, 4, false),
       (219, 44, 27, 2, false),
       (220, 79, 5, 3, false),
       (221, 23, 3, 1, false),
       (222, 98, 47, 1, false),
       (223, 8, 48, 3, true),
       (224, 124, 41, 3, false),
       (225, 3, 3, 4, false),
       (226, 164, 37, 4, false),
       (227, 13, 42, 4, false),
       (228, 131, 35, 4, false),
       (229, 173, 45, 2, false),
       (230, 104, 19, 3, false),
       (231, 121, 25, 2, false),
       (232, 136, 16, 1, false),
       (233, 76, 1, 3, false),
       (234, 194, 48, 1, false),
       (235, 133, 18, 3, false),
       (236, 137, 35, 2, false),
       (237, 88, 45, 1, false),
       (238, 147, 8, 1, false),
       (239, 69, 42, 1, false),
       (240, 182, 4, 1, false),
       (241, 34, 31, 4, false),
       (242, 49, 35, 2, false),
       (243, 48, 26, 2, false),
       (244, 111, 31, 2, false),
       (245, 134, 39, 1, false),
       (246, 109, 6, 4, false),
       (247, 89, 35, 4, false),
       (248, 54, 17, 4, false),
       (249, 41, 7, 3, false),
       (250, 136, 45, 4, false),
       (251, 100, 33, 1, false),
       (252, 187, 24, 3, false),
       (253, 131, 41, 2, false),
       (254, 194, 9, 3, false),
       (255, 85, 41, 2, false),
       (256, 50, 48, 3, false),
       (257, 38, 3, 3, true),
       (258, 29, 36, 3, false),
       (259, 4, 46, 4, false),
       (260, 23, 21, 2, false),
       (261, 55, 18, 3, false),
       (262, 81, 21, 2, false),
       (263, 144, 32, 4, false),
       (264, 127, 10, 2, false),
       (265, 146, 42, 2, false),
       (266, 179, 42, 3, false),
       (267, 186, 18, 3, false),
       (268, 12, 10, 2, false),
       (269, 87, 18, 4, true),
       (270, 50, 17, 1, false),
       (271, 21, 45, 3, false),
       (272, 168, 48, 4, false),
       (273, 91, 6, 3, false),
       (274, 76, 22, 1, false),
       (275, 138, 3, 1, false),
       (276, 158, 11, 3, false),
       (277, 105, 2, 1, false),
       (278, 6, 50, 2, false),
       (279, 62, 16, 2, false),
       (280, 107, 46, 1, true),
       (281, 175, 8, 4, false),
       (282, 52, 7, 2, false),
       (283, 109, 28, 2, false),
       (284, 85, 33, 1, false),
       (285, 13, 15, 2, false),
       (286, 95, 35, 3, false),
       (287, 120, 19, 2, false),
       (288, 46, 8, 4, false),
       (289, 104, 30, 2, false),
       (290, 139, 19, 3, false),
       (291, 47, 49, 4, false),
       (292, 27, 20, 3, false),
       (293, 71, 12, 4, false),
       (294, 83, 3, 3, false),
       (295, 117, 20, 2, false),
       (296, 171, 32, 1, false),
       (297, 148, 40, 4, false),
       (298, 122, 34, 4, true),
       (299, 37, 15, 3, false),
       (300, 199, 48, 3, false),
       (301, 13, 30, 2, false),
       (302, 109, 39, 2, false),
       (303, 48, 22, 3, false),
       (304, 56, 18, 1, false),
       (305, 195, 30, 2, false),
       (306, 45, 1, 4, false),
       (307, 77, 44, 1, false),
       (308, 150, 37, 2, false),
       (309, 147, 35, 2, false),
       (310, 72, 25, 3, false),
       (311, 137, 9, 2, false),
       (312, 165, 8, 1, false),
       (313, 47, 5, 4, false),
       (314, 128, 30, 2, false),
       (315, 33, 28, 1, false),
       (316, 119, 42, 2, false),
       (317, 76, 29, 1, false),
       (318, 77, 15, 2, false),
       (319, 40, 42, 1, false),
       (320, 118, 8, 2, false),
       (321, 111, 39, 2, false),
       (322, 124, 48, 2, false),
       (323, 169, 44, 4, false),
       (324, 16, 44, 3, true),
       (325, 33, 21, 1, false),
       (326, 107, 43, 1, false),
       (327, 170, 32, 2, false),
       (328, 179, 50, 2, false),
       (329, 153, 18, 3, false),
       (330, 185, 30, 3, false),
       (331, 57, 1, 2, false),
       (332, 82, 39, 3, false),
       (333, 197, 31, 2, false),
       (334, 132, 6, 4, false),
       (335, 85, 19, 3, false),
       (336, 112, 22, 3, false),
       (337, 74, 31, 3, false),
       (338, 68, 16, 2, false),
       (339, 153, 43, 2, false),
       (340, 16, 8, 1, false),
       (341, 41, 13, 2, false),
       (342, 87, 45, 4, false),
       (343, 18, 50, 1, false),
       (344, 69, 33, 1, false),
       (345, 30, 28, 2, false),
       (346, 3, 25, 2, false),
       (347, 185, 7, 1, false),
       (348, 107, 33, 1, false),
       (349, 121, 2, 4, false),
       (350, 48, 10, 4, false),
       (351, 47, 12, 1, false),
       (352, 164, 22, 1, false),
       (353, 177, 36, 4, true),
       (354, 9, 20, 2, false),
       (355, 36, 1, 2, false),
       (356, 28, 9, 3, false),
       (357, 14, 17, 4, false),
       (358, 57, 39, 1, false),
       (359, 7, 50, 3, false),
       (360, 122, 14, 1, false),
       (361, 198, 35, 3, false),
       (362, 148, 25, 3, false),
       (363, 109, 18, 3, false),
       (364, 8, 26, 3, false),
       (365, 175, 44, 3, false),
       (366, 197, 36, 2, true),
       (367, 130, 36, 4, false),
       (368, 173, 5, 2, false),
       (369, 51, 37, 1, false),
       (370, 79, 23, 2, false),
       (371, 163, 16, 4, false),
       (372, 28, 19, 1, false),
       (373, 97, 33, 3, false),
       (374, 82, 45, 2, false),
       (375, 1, 28, 3, false),
       (376, 30, 45, 1, false),
       (377, 58, 9, 4, false),
       (378, 53, 7, 4, false),
       (379, 181, 15, 2, false),
       (380, 71, 6, 4, false),
       (381, 49, 5, 4, false),
       (382, 97, 33, 2, false),
       (383, 103, 40, 1, false),
       (384, 136, 33, 3, false),
       (385, 79, 18, 3, false),
       (386, 27, 22, 4, false),
       (387, 81, 35, 3, false),
       (388, 189, 6, 4, false),
       (389, 36, 10, 3, false),
       (390, 15, 9, 3, false),
       (391, 95, 38, 3, false),
       (392, 158, 22, 1, false),
       (393, 130, 32, 4, true),
       (394, 118, 23, 4, false),
       (395, 152, 35, 1, false),
       (396, 113, 10, 2, false),
       (397, 146, 42, 3, false),
       (398, 187, 2, 3, false),
       (399, 141, 21, 1, false);

ALTER TABLE liligo.`user`
    ALTER COLUMN id RESTART WITH (SELECT (MAX(id) + 1) FROM liligo.`user`);

ALTER TABLE liligo.shuttle_ride_booking
    ALTER COLUMN id RESTART WITH (SELECT (MAX(id) + 1) FROM liligo.shuttle_ride_booking);